"factor_name","alpha_index","chi_squared","df","pvalue"
"Treatuntreat_EP","Observed",1.16640535430481,1,0.280141076333338
"Treatuntreat_EP","InvSimpson",1.62853801169592,1,0.201905381369844
"Treatuntreat_EP","Shannon",1.68421052631578,1,0.19436591080311
"YrSinceTrt_BR","Observed",2.36093723956935,4,0.669697739890312
"YrSinceTrt_BR","InvSimpson",6.04419995935788,4,0.195871620767823
"YrSinceTrt_BR","Shannon",5.39010499221024,4,0.24955954511974
"YrSinceTrt_Range","Observed",1.16680541041232,2,0.557996435169611
"YrSinceTrt_Range","InvSimpson",5.21607254623046,2,0.0736790873992666
"YrSinceTrt_Range","Shannon",4.28150782361308,2,0.117566175074634
