"factor_name","alpha_index","pvalue","df_between","df_within","ss_between","ss_within","ms_between","ms_within","F_value"
"Treatuntreat_EP","Observed",0.37633403174331,1,72,26.6984352773827,2425.84210526316,26.6984352773827,33.6922514619883,0.792420634385444
"Treatuntreat_EP","InvSimpson",0.415264420678398,1,72,1.94750737644248,208.844723841601,1.94750737644248,2.90062116446668,0.671410455215566
"Treatuntreat_EP","Shannon",0.227629431276469,1,72,0.453910915995458,22.0708187117623,0.453910915995458,0.306539148774476,1.48076001975658
"YrSinceTrt_BR","Observed",0.573555749038458,4,69,99.7698638488113,2352.77067669173,24.9424659622028,34.0981257491555,0.731490819926387
"YrSinceTrt_BR","InvSimpson",0.336586812441264,4,69,13.2697576682383,197.522473549805,3.31743941705957,2.86264454420007,1.1588722825476
"YrSinceTrt_BR","Shannon",0.308546308449397,4,69,1.49276112341532,21.0319685043424,0.373190280853829,0.304811137744093,1.22433282332073
"YrSinceTrt_Range","Observed",0.630136391530573,2,71,31.6984352773826,2420.84210526316,15.8492176386913,34.0963676797628,0.464835955182941
"YrSinceTrt_Range","InvSimpson",0.221997852651843,2,71,8.75012360071322,202.04210761733,4.37506180035661,2.84566348756803,1.53744876000628
"YrSinceTrt_Range","Shannon",0.124665113785937,2,71,1.28311071321785,21.2416189145399,0.641555356608924,0.299177731190702,2.14439542025935
