"factor_name","alpha_index","chi_squared","df","pvalue"
"Treatuntreat_EP","Observed",0.0252485282859672,1,0.873749350780455
"Treatuntreat_EP","InvSimpson",0.0574162679425854,1,0.810627247254869
"Treatuntreat_EP","Shannon",0.0457718972756425,1,0.830590978736653
"Fire_Mod","Observed",6.36990815790551,2,0.0413801459769794
"Fire_Mod","InvSimpson",7.18666967736834,2,0.0275064477354595
"Fire_Mod","Shannon",7.81857490160576,2,0.0200547859933793
"YrSinceTrt_BR","Observed",1.76175324932581,4,0.779471879030081
"YrSinceTrt_BR","InvSimpson",1.75767936691255,4,0.780215366271702
"YrSinceTrt_BR","Shannon",1.41469956238558,4,0.841636179918803
