"factor_name","alpha_index","pvalue","df_between","df_within","ss_between","ss_within","ms_between","ms_within","F_value"
"Treatuntreat_EP","Observed",0.959628381859248,1,85,0.0830648048693165,2739.25026852846,0.0830648048693165,32.2264737473937,0.00257753316482646
"Treatuntreat_EP","InvSimpson",0.994157731031684,1,85,0.000149453702152983,235.548377920308,0.000149453702152983,2.77115738729774,5.39318707908974e-05
"Treatuntreat_EP","Shannon",0.920374903110588,1,85,0.00331962487052725,28.0712837140111,0.00331962487052725,0.330250396635424,0.0100518421910993
"Fire_Mod","Observed",0.0612174215250778,2,84,176.260458839406,2563.07287449393,88.130229419703,30.5127723154039,2.88830619875244
"Fire_Mod","InvSimpson",0.0689815995081959,2,84,14.5287254676312,221.019801906379,7.26436273381562,2.63118811793308,2.76086786965354
"Fire_Mod","Shannon",0.0115994484942805,2,84,2.82649740624625,25.2481059326354,1.41324870312312,0.30057268967423,4.70185333422955
"YrSinceTrt_BR","Observed",0.454422034345387,4,82,118.086466165414,2621.24686716792,29.5216165413534,31.9664252093649,0.923519484834506
"YrSinceTrt_BR","InvSimpson",0.603838694710732,4,82,7.6244752841359,227.924052089874,1.90611882103397,2.77956161085213,0.685762392742796
"YrSinceTrt_BR","Shannon",0.861663947011731,4,82,0.435768980767792,27.6388343581138,0.108942245191948,0.337058955586754,0.323214213377896
