"factor_name","alpha_index","chi_squared","df","pvalue"
"Treatuntreat_EP","Observed",10.8362468769614,1,0.00099532270810867
"Treatuntreat_EP","InvSimpson",9.65809954751131,1,0.00188518543866155
"Treatuntreat_EP","Shannon",9.27181498240321,1,0.00232706991342756
"YrSinceTrt_BR","Observed",15.7820582651357,4,0.00332599524852256
"YrSinceTrt_BR","InvSimpson",14.8452821128451,4,0.00503310790110389
"YrSinceTrt_BR","Shannon",15.3370841670001,4,0.00405079766349764
"YrSinceTrt_Range","Observed",10.8422524377864,2,0.00442216351820791
"YrSinceTrt_Range","InvSimpson",10.6882593037215,2,0.00477610627210677
"YrSinceTrt_Range","Shannon",9.72829398426035,2,0.00771840924804842
