"factor_name","alpha_index","pvalue","df_between","df_within","ss_between","ss_within","ms_between","ms_within","F_value"
"Treatuntreat_EP","Observed",0.000175799492854654,1,82,109251.758791209,579690.943589744,109251.758791209,7069.40175109443,15.454173158895
"Treatuntreat_EP","InvSimpson",0.00162732421586354,1,82,10347.9959678151,79880.7733618023,10347.9959678151,974.155772704906,10.6225269692569
"Treatuntreat_EP","Shannon",0.000405453174194737,1,82,0.994619763437118,5.99737998731301,0.994619763437118,0.0731387803330854,13.5990750585047
"YrSinceTrt_BR","Observed",8.50814940777658e-05,4,79,177746.835714286,511195.866666667,44436.7089285714,6470.83375527426,6.86723080968536
"YrSinceTrt_BR","InvSimpson",0.000472695803482941,4,79,20070.61991719,70158.1494124274,5017.65497929749,888.077840663638,5.6500170925872
"YrSinceTrt_BR","Shannon",0.000174574107254593,4,79,1.70156445699007,5.29043529376006,0.425391114247516,0.0669675353640514,6.3521990459256
"YrSinceTrt_Range","Observed",0.000703944980907059,2,81,113046.05,575896.652380952,56523.0249999999,7109.83521457966,7.94997679891258
"YrSinceTrt_Range","InvSimpson",0.00145848755825634,2,81,13436.4223924293,76792.346937188,6718.21119621467,948.05366589121,7.08631951747085
"YrSinceTrt_Range","Shannon",0.000929795374265529,2,81,1.10699562586883,5.88500412488129,0.553497812934414,0.0726543719121147,7.61823133787386
