"factor_name","alpha_index","pvalue","df_between","df_within","ss_between","ss_within","ms_between","ms_within","F_value"
"Treatuntreat_EP","Observed",0.000190818364274207,1,96,111478.076087793,710516.332075472,111478.076087793,7401.21179245283,15.062138365162
"Treatuntreat_EP","InvSimpson",0.00701861400037686,1,96,7726.43645126461,97711.5166261746,7726.43645126461,1017.82829818932,7.59110005588337
"Treatuntreat_EP","Shannon",0.000896901486048016,1,96,0.887249157558745,7.24797956751459,0.887249157558745,0.0754997871616103,11.7516775995613
"Fire_Mod","Observed",0.000796722855381225,2,95,114646.250287808,707348.157875458,57323.1251439038,7445.77008289956,7.69875036506376
"Fire_Mod","InvSimpson",0.00641315836600205,2,95,10633.2111970704,94804.7418803688,5316.60559853519,997.944651372303,5.32755558259085
"Fire_Mod","Shannon",0.00201060803875106,2,95,0.996880773685005,7.13834795138833,0.498440386842502,0.0751405047514561,6.63344475115258
"YrSinceTrt_BR","Observed",0.000110215758205704,4,93,180515.734353742,641478.673809524,45128.9335884354,6897.6201484895,6.54268176804692
"YrSinceTrt_BR","InvSimpson",0.00542433293131906,4,93,15243.1148405708,90194.8382368684,3810.77871014269,969.836970288908,3.92929825000122
"YrSinceTrt_BR","Shannon",0.000692005307693935,4,93,1.50899917886017,6.62622954621316,0.377249794715043,0.0712497800668082,5.29475030465091
