"factor_name","alpha_index","pvalue","df_between","df_within","ss_between","ss_within","ms_between","ms_within","F_value"
"Treatuntreat_EP","Observed",0.000190818364274208,1,96,111478.076087793,710516.332075472,111478.076087793,7401.21179245283,15.062138365162
"Treatuntreat_EP","InvSimpson",0.00701861400037698,1,96,7726.43645126456,97711.5166261744,7726.43645126456,1017.82829818932,7.59110005588334
"Treatuntreat_EP","Shannon",0.000896901486048166,1,96,0.887249157558728,7.24797956751467,0.887249157558728,0.0754997871616111,11.751677599561
"Fire_Mod","Observed",0.000796722855381225,2,95,114646.250287808,707348.157875458,57323.1251439038,7445.77008289956,7.69875036506376
"Fire_Mod","InvSimpson",0.00641315836600216,2,95,10633.2111970703,94804.7418803686,5316.60559853516,997.944651372301,5.32755558259083
"Fire_Mod","Shannon",0.00201060803875145,2,95,0.996880773684984,7.13834795138841,0.498440386842492,0.075140504751457,6.63344475115237
"YrSinceTrt_BR","Observed",0.000110215758205705,4,93,180515.734353741,641478.673809524,45128.9335884354,6897.62014848951,6.54268176804692
"YrSinceTrt_BR","InvSimpson",0.00542433293131925,4,93,15243.1148405707,90194.8382368683,3810.77871014267,969.836970288906,3.9292982500012
"YrSinceTrt_BR","Shannon",0.000692005307693977,4,93,1.50899917886017,6.62622954621322,0.377249794715043,0.0712497800668088,5.29475030465087
