"factor_name","alpha_index","pvalue","df_between","df_within","ss_between","ss_within","ms_between","ms_within","F_value"
"Treatuntreat_EP","Observed",0.316519275155732,1,96,8330.94651520983,788864.369811321,8330.94651520983,8217.33718553459,1.01382556503526
"Treatuntreat_EP","InvSimpson",0.225364567363218,1,96,172.439942763195,11117.872604496,172.439942763195,115.8111729635,1.48897501295098
"Treatuntreat_EP","Shannon",0.439831907983683,1,96,0.281451977607446,44.9041093182777,0.281451977607446,0.467751138732059,0.601713078391178
"Fire_Mod","Observed",0.258181838529352,2,95,22404.9240188383,774790.392307692,11202.4620094191,8155.68834008097,1.37357652012827
"Fire_Mod","InvSimpson",0.455393341126987,2,95,185.426532703208,11104.886014556,92.7132663516041,116.893536995326,0.793142792448067
"Fire_Mod","Shannon",0.532649225592802,2,95,0.595245209219906,44.5903160866652,0.297622604609953,0.469371748280687,0.634087172268351
"YrSinceTrt_BR","Observed",0.721302024768021,4,93,17436.1603741496,779759.155952381,4359.04009353741,8384.50705325141,0.519892232882913
"YrSinceTrt_BR","InvSimpson",0.261661900770897,4,93,614.468869683335,10675.8436775758,153.617217420834,114.79401803845,1.33819880204368
"YrSinceTrt_BR","Shannon",0.511472032497529,4,93,1.55148486510245,43.6340764307827,0.387871216275613,0.469183617535298,0.826693860951854
