"factor_name","alpha_index","chi_squared","df","pvalue"
"Treatuntreat_EP","Observed",2.16740122800462,1,0.140964274663812
"Treatuntreat_EP","InvSimpson",0.267136776570794,1,0.605258945856809
"Treatuntreat_EP","Shannon",0.0753319357093005,1,0.783726038073052
"Fire_Mod","Observed",2.69764026959406,2,0.25954630972146
"Fire_Mod","InvSimpson",0.279508095834615,2,0.869572082164359
"Fire_Mod","Shannon",0.250253450253467,2,0.882385075138597
"YrSinceTrt_BR","Observed",2.73242981381997,4,0.603551857536139
"YrSinceTrt_BR","InvSimpson",5.12855768570051,4,0.274359195792612
"YrSinceTrt_BR","Shannon",3.74161243140838,4,0.442102592554615
