"factor_name","alpha_index","pvalue","df_between","df_within","ss_between","ss_within","ms_between","ms_within","F_value"
"Treatuntreat_EP","Observed",0.263007141222282,1,96,12103.097458606,916546.218867925,12103.097458606,9547.35644654088,1.26769095994013
"Treatuntreat_EP","InvSimpson",0.361221913891763,1,96,104.830255825476,11956.9904720474,104.830255825476,124.551984083827,0.841658658403402
"Treatuntreat_EP","Shannon",0.547621860978932,1,96,0.164828399296101,43.4507701263662,0.164828399296101,0.452612188816315,0.364171366500681
"Fire_Mod","Observed",0.320589633099505,2,95,21976.3232862375,906672.993040294,10988.1616431187,9543.92624252941,1.15132507983492
"Fire_Mod","InvSimpson",0.607898178379128,2,95,125.73471496916,11936.0860129037,62.8673574845801,125.643010662145,0.500364939945853
"Fire_Mod","Shannon",0.629883736574061,2,95,0.42236278571238,43.1932357399499,0.21118139285619,0.454665639367894,0.464476253692248
"YrSinceTrt_BR","Observed",0.751474545577214,4,93,18724.2270408163,909925.089285714,4681.05676020408,9784.14074500768,0.478433097213219
"YrSinceTrt_BR","InvSimpson",0.400470559511165,4,93,507.603141668248,11554.2175862047,126.900785417062,124.238898776394,1.02142554921916
"YrSinceTrt_BR","Shannon",0.672833269735242,4,93,1.07408363568373,42.5415148899786,0.268520908920933,0.457435643978264,0.587013523007604
